{"phys_scaler": {"mean": [101473.98256552154, -4.972573588348476e-07, -0.011810518449405725, 9216.408621553337, 17.0, 104.58652651373482, 84.76494876268497, 61.63867491783974, 73.79805092819154, 53.93700826768717, 77.74278123503754, 7.203344523665054, 7.1488784579626605, 7.149239099116868], "scale": [243.58281979730583, 0.000374754139034232, 0.06797011144030386, 6956.599070460113, 1.0, 38.35340168007888, 63.93551407452996, 45.78295376064157, 12.15611947908021, 15.397112203201315, 13.464418350375478, 0.06394316500368878, 0.0599554859076333, 0.05937776061968006]}, "control_scaler": {"min_": [-0.05263157894736842, -0.6, -0.029411764705882353], "scale_": [0.005263157894736842, 0.004, 0.014705882352941176]}}